mysql> -- Customer borrows two books
mysql>
mysql> select * from book_copy WHERE book_id = 2;
+---------+-------------+--------------+
| book_id | copy_number | is_available |
+---------+-------------+--------------+
|       2 |           1 |            1 |
|       2 |           2 |            1 |
+---------+-------------+--------------+
2 rows in set (0.00 sec)

mysql>
mysql> select * from loan_overview WHERE book_id = 2;
Empty set (0.01 sec)

mysql>
mysql> call loan_unreserved_copy(2, 1, 1, NULL, 2, '2022-05-26');
Query OK, 0 rows affected (0.01 sec)

mysql> select max(event_id) into @pickup_event from counter_event;
Query OK, 1 row affected (0.00 sec)

mysql> SELECT max(loan_id) into @loan_1 from loan_process;
Query OK, 1 row affected (0.00 sec)

mysql> call loan_unreserved_copy(2, 2, 1, @pickup_event, null, '2022-05-26');
Query OK, 0 rows affected (0.01 sec)

mysql> SELECT max(loan_id) into @loan_2 from loan_process;
Query OK, 1 row affected (0.00 sec)

mysql>
mysql> select * from book_copy WHERE book_id = 2;
+---------+-------------+--------------+
| book_id | copy_number | is_available |
+---------+-------------+--------------+
|       2 |           1 |            0 |
|       2 |           2 |            0 |
+---------+-------------+--------------+
2 rows in set (0.00 sec)

mysql>
mysql> select * from loan_overview WHERE book_id = 2;
+---------+-------------+-------------+---------+-------------+-------------+-------------+-------------------------+-----------+----------+------------+
| loan_id | loan_status | status_code | book_id | copy_number | customer_id | reserved_at | reservation_canceled_at | picked_up | returned | due_date   |
+---------+-------------+-------------+---------+-------------+-------------+-------------+-------------------------+-----------+----------+------------+
|       7 | on loan     |           2 |       2 |           1 |           1 | NULL        | NULL                    |         5 |     NULL | 2022-05-26 |
|       8 | on loan     |           2 |       2 |           2 |           1 | NULL        | NULL                    |         5 |     NULL | 2022-05-26 |
+---------+-------------+-------------+---------+-------------+-------------+-------------+-------------------------+-----------+----------+------------+
2 rows in set (0.00 sec)

mysql>
mysql> SELECT @pickup_event, @loan_1, @loan_2;
+---------------+---------+---------+
| @pickup_event | @loan_1 | @loan_2 |
+---------------+---------+---------+
|             5 |       7 |       8 |
+---------------+---------+---------+
1 row in set (0.01 sec)

mysql>
mysql>
mysql> -- Customer returns two books
mysql>
mysql> CALL return_copy(@loan_1, null, 3);
Query OK, 0 rows affected (0.02 sec)

mysql> select max(event_id) into @return_event from counter_event;
Query OK, 1 row affected (0.00 sec)

mysql> CALL return_copy(@loan_2, @return_event, null);
Query OK, 0 rows affected (0.01 sec)

mysql>
mysql> select * from book_copy WHERE book_id = 2;
+---------+-------------+--------------+
| book_id | copy_number | is_available |
+---------+-------------+--------------+
|       2 |           1 |            1 |
|       2 |           2 |            1 |
+---------+-------------+--------------+
2 rows in set (0.00 sec)

mysql>
mysql> select * from loan_overview WHERE book_id = 2;
+---------+-------------+-------------+---------+-------------+-------------+-------------+-------------------------+-----------+----------+------------+
| loan_id | loan_status | status_code | book_id | copy_number | customer_id | reserved_at | reservation_canceled_at | picked_up | returned | due_date   |
+---------+-------------+-------------+---------+-------------+-------------+-------------+-------------------------+-----------+----------+------------+
|       7 | returned    |           3 |       2 |           1 |           1 | NULL        | NULL                    |         5 |        6 | 2022-05-26 |
|       8 | returned    |           3 |       2 |           2 |           1 | NULL        | NULL                    |         5 |        6 | 2022-05-26 |
+---------+-------------+-------------+---------+-------------+-------------+-------------+-------------------------+-----------+----------+------------+
2 rows in set (0.00 sec)

mysql>